53593341T;31
89389254U;55
26605711L;79
84939447V;103
78813653Y;127
87166618R;151
31036431K;175
82600262C;199
37976605D;223
39263224U;247
86411414L;271
48973092K;295
74639192F;319
73094251C;343
47307974L;367
35957801O;391
26163399E;415
77908426O;439
89315277W;463
86127620V;487
25895596K;511
25012329F;535
78345291A;559
97954660E;583
77577998L;607
90716120E;631
52111485E;655
74223772K;679
42230753S;703
77239734R;727
45969027R;751
84471133X;775
46147689O;799
27192889I;823
74499579I;847
40066746R;871
23129011Z;895
90757245M;919
83019652R;943
29802049U;967
81130632R;991
90383956B;1015
75104176H;1039
89080598Z;1063
75501894I;1087
43314308B;1111
32639207T;1135
33554005A;1159
76140833J;1183
24156592J;1207
93749717Y;1231
57083733V;1255
71283812U;1279
32472980K;1303
33440648S;1327
84270690B;1351
92542170J;1375
71328958A;1399
70277150K;1423
49072954F;1447
28834389V;1471
98725250L;1495
87358211E;1519
75077306V;1543
33555750Q;1567
78732203T;1591
62036588C;1615
91619418F;1639
80217459G;1663
42510709K;1687
56960758G;1711
56180777H;1735
94213480H;1759
48808886Q;1783
81515898O;1807
27565383W;1831
86534944S;1855
57404795F;1879
97098248D;1903
28393657F;1927
56259199S;1951
50463910M;1975
62356018Q;1999
63025841G;2023
28270946S;2047
99652705J;2071
56454681E;2095
87168242H;2119
41760326A;2143
28406618D;2167
70339971K;2191
46523790J;2215
95032219T;2239
44200920C;2263
39748104D;2287
83781381K;2311
61759724R;2335
49252815I;2359
40366897R;2383
42451449I;2407
96422352H;2431
85793407N;2455
79387074P;2479
89938295A;2503
92214078R;2527
80497851O;2551
58021072F;2575
33405832J;2599
27050137S;2623
39485348H;2647
28762189P;2671
94228749S;2695
54793414T;2719
